id;street;city;state;zip
1;Puente Puerta;Velásquezside;Amigable hack hacking;protocolo applications
2;Samaniego Torrente;Granada José Luisfurt;Partida JSON supply-chains;end-to-end
3;Alcaraz Monte;Leonorburgh;Account;Azul Credit Desarrollador
4;Guillermo Arroyo;Germánfurt;generate Poblado Chad;Galicia bypassing capacitor
5;Sarabia Escalinata;San Sebastían de los Reyes José Maríamouth;navigate override SMTP;Andalucía
6;Benito Conjunto;Roseville;Nacional implementación Loan;program transmit HTTP
7;Cotto Glorieta;Redwood City;Programable Camboya;morph USB
8;Rubio Terrenos;Philadelphia;Navarra;state Savings
9;María Luisa Edificio;Rincónshire;Letonia Genérico;Representante
10;Elvira Rambla;Piñahaven;Queso Account Sabroso;Identidad
